{
    "train_metrics": {
        "EG": 0.4464647200773766,
        "MAE": 0.4464647200773766,
        "RMSE": 0.5148279010147178,
        "converged": false
    },
    "test_metrics": {
        "EG": 0.5731947481957086,
        "MAE": 0.5731947481957086,
        "RMSE": 0.7322614817217147,
        "converged": false
    },
    "config": {
        "num_centers": 3,
        "optimal_error": 0.1
    },
    "train_predictions": [
        1.1773785944054307,
        1.336649420740539,
        1.1564627395221538,
        0.9628920716129556,
        0.8916527615673351,
        1.3980453675649824,
        1.3640441589202188,
        1.4473518193008799,
        1.4473869174110057,
        1.3336019084979478,
        1.459002814326166,
        1.279547096722472,
        1.3688813800286221,
        1.3159598216716386,
        1.2345840248335722,
        0.7045604173101019,
        0.10814047456893072,
        1.2795451059456204,
        1.0489748587663539,
        1.4926011749712207,
        1.348915559649262,
        1.4382628662755286,
        1.4343577790507087,
        1.4955717655668506,
        1.6591762070697034,
        0.6878633994992134,
        1.3888667342171286,
        0.9999805868351097,
        1.3198590105765495,
        0.7384027015726246,
        1.2827858908451804,
        1.4001127846732002,
        1.4567941165560638,
        1.0021606793925022,
        1.3983959761573967,
        1.2839451673073357,
        1.218819833727036,
        1.4280124147174045,
        1.4307702539194735,
        1.3964757331619828,
        0.544451235867237,
        0.838756374674351
    ],
    "test_predictions": [
        1.5446072650752698,
        1.368039610003972,
        1.4684528007591915,
        1.3094918999934242,
        1.4240020686689314,
        1.4603403560877148,
        1.379775059340839,
        0.44003514775559827,
        0.08272543799209786,
        1.4464587537260702,
        0.8992919480948501,
        0.3964338514766531,
        1.2873478890284082,
        0.6472499472250908,
        1.0594717568142817,
        0.8452907776416207,
        0.8982049705793342,
        1.1350486831642468
    ]
}