{
    "config": {
        "num_centers": 30,
        "optimal_error": 0.1,
        "patterns_total": 60,
        "patterns_train": 42,
        "patterns_test": 18
    },
    "weights": {
        "W0_Umbral": 14.657241158801092,
        "W_Centers": [
            13.094531125247158,
            -37.03811744669383,
            169.7989704162269,
            12.60484932887266,
            21.033153590216898,
            -211.85182034129684,
            6.8379542432644485,
            478.02979741521995,
            -0.8623951740109987,
            402.88974828869686,
            -105.0950857550597,
            3.6712864691235154,
            8.699414041618184,
            -839.2840038312715,
            -59.443687275528646,
            -63.78209944783157,
            -1.1690084058908496,
            -28.0056276268042,
            -3.4953306467286893,
            25.73847436963115,
            18.389715796324253,
            18.510164198111852,
            -59.028803279215936,
            6.979104942398408,
            -55.98878466044334,
            -37.73160209479465,
            -0.21856340736940183,
            96.36101019260241,
            141.1123955516232,
            81.81438379877363
        ],
        "Centers_R": [
            [
                0.18559736443604255,
                0.33743913066189085,
                0.4630243622573684
            ],
            [
                0.8618173443942643,
                0.6055189355683841,
                0.5157382192653834
            ],
            [
                0.30228892052618633,
                0.3257714358056135,
                0.9350345279362285
            ],
            [
                0.3232186452979484,
                0.8301095764694518,
                0.5100311037609292
            ],
            [
                0.8832925416065189,
                0.22541249273256095,
                0.6243566398006349
            ],
            [
                0.33446749593845587,
                0.7740190934650331,
                0.7125231357976854
            ],
            [
                0.661109755938971,
                0.6253306983232327,
                0.7371514595427188
            ],
            [
                0.29935413137933753,
                0.87869694129481,
                0.5885955485519112
            ],
            [
                0.23144940944099343,
                0.3703022209627576,
                0.5805695346577788
            ],
            [
                0.3233995659056728,
                0.9880271535941199,
                0.4341196924696182
            ],
            [
                0.09816936453799541,
                0.6650131684649079,
                0.9985699270091055
            ],
            [
                0.9090136574322552,
                0.11372262180904294,
                0.4680472862958369
            ],
            [
                0.5824179094485943,
                0.41637407357547546,
                0.302673208111696
            ],
            [
                0.41847322777918106,
                0.9539282071728584,
                0.4158156578116447
            ],
            [
                0.29617382478666654,
                0.29726022973646443,
                0.7039309942197095
            ],
            [
                0.1143886756246084,
                0.8277699024375572,
                0.4428680531964304
            ],
            [
                0.7303284892766588,
                0.7407278843633969,
                0.8484229539834413
            ],
            [
                0.6061768917959665,
                0.5818342438046716,
                0.23860086936458288
            ],
            [
                0.6044479183089173,
                0.7984686397790872,
                0.09208406581458273
            ],
            [
                0.13775663763883939,
                0.820517587772302,
                0.16625203242698627
            ],
            [
                0.35282174264116367,
                0.7172934070612806,
                0.046423137660600154
            ],
            [
                0.45249668887979916,
                0.8491649673356848,
                0.9350503497228716
            ],
            [
                0.1973292947708923,
                0.7393766874384193,
                0.21346805374103536
            ],
            [
                0.9445707801788502,
                0.9953508286103749,
                0.5140321847824434
            ],
            [
                0.2847653947006338,
                0.535160066871918,
                0.9063527107898799
            ],
            [
                0.8829100012825657,
                0.07124115576588272,
                0.6538186411743357
            ],
            [
                0.6788671550976404,
                0.39683308448529453,
                0.5631974566749142
            ],
            [
                0.5077233530596544,
                0.8886947850458757,
                0.4923309162527667
            ],
            [
                0.5157912492623975,
                0.8137448368086491,
                0.2416249910260935
            ],
            [
                0.7532964345771433,
                0.8001508405097044,
                0.40370319200293786
            ]
        ]
    },
    "metrics": {
        "train": {
            "EG": 0.003301491679430988,
            "MAE": 0.003301491679430988,
            "RMSE": 0.003936894868300368,
            "converged": true
        },
        "test": {
            "EG": 0.03544898029455615,
            "MAE": 0.03544898029455615,
            "RMSE": 0.06132874443264338,
            "converged": true
        }
    },
    "graphs": {
        "train": {
            "Yd": [
                9.1,
                11.15,
                10.97,
                14.5,
                11.45,
                14.05,
                12.8,
                12.65,
                12.25,
                14.2,
                14.25,
                8.85,
                13.5,
                12.92,
                12.1,
                11.95,
                9.85,
                10.03,
                10.55,
                9.78,
                13.35,
                15.2,
                11.67,
                10.35,
                10.0,
                9.6,
                13.78,
                14.75,
                12.15,
                11.4,
                14.97,
                9.05,
                10.7,
                14.02,
                14.75,
                9.3,
                13.3,
                10.28,
                11.75,
                14.7,
                9.35,
                14.05
            ],