{
    "train": {
        "EG": 3.775950170305889,
        "MAE": 3.775950170305889,
        "RMSE": 3.8075666676412054,
        "converged": false
    },
    "test": {
        "EG": 3.7055079246395204,
        "MAE": 3.7055079246395204,
        "RMSE": 3.738670895954027,
        "converged": false
    }
}