{
    "config": {
        "num_centers": 3,
        "optimal_error": 0.1,
        "patterns_total": 60,
        "patterns_train": 42,
        "patterns_test": 18
    },
    "weights": {
        "W0_Umbral": 0.9377386138837843,
        "W_Centers": [
            -0.1168858959448642,
            -2.2798018195047445,
            -0.06868008104972795
        ],
        "Centers_R": [
            [
                0.7870043210539326,
                0.9286185604607752,
                0.2024099696207657,
                0.21406015273604187,
                0.17213885435462695
            ],
            [
                0.5727836836650134,
                0.7001225139053346,
                0.5992614168768331,
                0.2289053114403726,
                0.7186464459687426
            ],
            [
                0.3831837381951594,
                0.3585526282945509,
                0.5995301705709328,
                0.6019595093048238,
                0.2892678652301537
            ]
        ]
    },
    "metrics": {
        "train": {
            "EG": 0.488861,
            "MAE": 0.488861,
            "RMSE": 0.561323,
            "converged": false
        },
        "test": {
            "EG": 0.547994,
            "MAE": 0.547994,
            "RMSE": 0.659375,
            "converged": false
        }
    },
    "graphs": {
        "train": {
            "Yd": [
                1,
                2,
                2,
                1,
                1,
                1,
                2,
                1,
                1,
                1,
                1,
                0,
                1,
                1,
                2,
                1,
                0,
                1,
                1,
                1,
                2,
                2,
                1,
                2,
                2,
                1,
                1,
                1,
                2,
                1,
                1,
                1,
                2,
                2,
                2,
                1,
                1,
                2,
                1,
                1,
                0,
                0
            ],
            "Yr": [
                0.91229490219542,
                0.9365141634661952,
                1.3212682409028587,
                0.4790318290519001,
                1.2644693248932728,
                1.2207005389155603,
                1.3121552451291292,
                1.34464788145606,
                1.3744705570469857,
                1.3413660481693384,
                1.2704831623452721,
                1.26067196193257,
                1.2956732274802127,
                1.3492533575963974,
                1.3501204910138789,
                1.2777611497277814,
                0.7248909243599315,
                1.2021450282985817,
                1.3642873140280132,
                1.3732931861966002,
                1.2354808443530474,
                1.283416873109327,
                1.3776943394980803,
                1.276011708719674,
                1.3356526524871712,
                1.2232092744397969,
                1.3607178918484055,
                1.0710478375122265,
                1.3780818095685248,
                0.8304393936986598,
                1.1547732682710843,
                1.3250583616105396,
                1.3229906765301969,
                1.2419753660753483,
                1.2337765605209374,
                1.3663421485325657,
                1.3409868446748248,
                1.2846985829098856,
                1.2863812076381482,
                1.335683530421881,
                0.6314864496454153,
                1.1285958437282788
            ]
        },
        "test": {
            "Yd": [
                2,
                2,
                2,
                0,
                1,
                1,
                2,
                1,
                0,
                1,
                2,
                2,
                1,
                2,
                1,
                1,
                1,
                1
            ],
            "Yr": [
                1.3120086428587587,
                1.3208906243420013,
                1.248682733392689,
                1.1883434383579707,
                1.33507260151789,
                1.3909087916145433,
                1.3374156082344704,
                0.6801964351190272,
                0.4724205692022238,
                1.1812659383148112,
                1.051345192071608,
                0.700512422771638,
                1.3198008316629941,
                1.0245006022608416,
                1.3722068265968186,
                1.0010061429139196,
                0.9884785580995742,
                0.7331066494778714
            ]
        }
    }
}